Text (font_utf8 to line-2-head), MamenağŸ“ˆ(1_24hours)________
ã‚³ãƒ¼ãƒ³ã€€+ è±†ãƒ»èŒ¶æœ¨ã€€ãªã€€åŸ¹, Mamena(1_24hours)12736
ã‚³ãƒ¼ãƒ³ã€€+ è±†ãƒ»èŒ¶æœ¨ã€€ãªã€€åŸ¹, Mamena(1_24hours)12736
ãƒ›ã‚¦ç´ ã€€â€¦ è±†ãƒ»èŒ¶æœ¨, Mamena(1_24hours)12736
é¶åµé£Ÿã€€â€¦ å°¿é…¸æ€§æ°—ğŸ“ˆ, Mamena(1_24hours)12736
é¶åµé£Ÿã€€â€¦ é£¢é¤“ç—‡, Mamena(1_24hours)12736
ï¼ˆãƒ¬ãƒ¢ãƒ³ãƒãƒ¼ã‚ºã‚±ãƒ¼ã‚­ï¼‰, Mamena(1_24hours)12736
ï¼ˆãƒ¬ãƒ¢ãƒ³ãƒãƒ¼ã‚ºã‚±ãƒ¼ã‚­ãƒ‘ãƒ³100ï¼‰, Mamena(1_24hours)12736
ï¼ˆãƒã‚¿ãƒ¼ãƒ‘ãƒ³100ï¼‰, Mamena(1_24hours)12736
ãƒãƒ¼ã‚ºã˜ã‚ƒãŒã„ã‚‚ã€€ãƒ¬ãƒ¢ãƒ³ã‚½ãƒ¼ã‚¹, Mamena(1_24hours)12736
ãƒã‚¿ãƒ¼ã˜ã‚ƒãŒã„ã‚‚ã€€ãƒ¬ãƒ¢ãƒ³ã‚½ãƒ¼ã‚¹, Mamena(1_24hours)12736